source,headline,pubDate
MarketWatch,‘I’m on a fixed budget’: Silver and gold are now too expensive for me. What else can I gift my infant grandchildren?,"Thu, 01 Jan 2026 13:30:00 GMT"
MarketWatch,‘We never want to think our children would strip us of all our money’: Is it safe to give my kids my Social Security number?,"Thu, 01 Jan 2026 13:00:00 GMT"
MarketWatch,‘He has become hostile’: My mom is in her 80s and has dementia. My brother is blocking access.,"Thu, 01 Jan 2026 12:00:00 GMT"
MarketWatch,20 stocks in the S&P 500 that gained the most in 2025,"Thu, 01 Jan 2026 11:29:00 GMT"
MarketWatch,I’m afraid my financial adviser will steal my money. I’ve read too many cautionary tales. How can I be sure?,"Thu, 01 Jan 2026 10:45:00 GMT"
MarketWatch,Is the Times Square New Year’s Eve ball drop on your bucket list? Here’s why life goals like that aren’t worth the time or money.,"Thu, 01 Jan 2026 03:27:00 GMT"
MarketWatch,‘I’m fed up’: My selfish mother-in-law has controlled me for 30 years. How can I regain my power?,"Thu, 01 Jan 2026 00:21:00 GMT"
MarketWatch,Here are 5 key charts that defined a wild year for global financial markets,"Thu, 01 Jan 2026 00:19:00 GMT"
MarketWatch,‘So much for holiday cheer’: I saw a guest take a bottle of wine as they left a Christmas party. Do I tell the host?,"Wed, 31 Dec 2025 22:45:00 GMT"
MarketWatch,‘I completely trust her’: Should I name my daughter as beneficiary on all my accounts — or add her name instead?,"Wed, 31 Dec 2025 22:15:00 GMT"
